store_number,mgmtintname,ip_address,brand
IBR-BWW-00015_2,LAN,10.96.6.1,BWW
IBR-BWW-00018_2,LAN,10.96.7.1,BWW
IBR-BWW-00020_2,LAN,10.96.9.1,BWW
IBR-BWW-00021_2,LAN,10.96.10.1,BWW
IBR-BWW-00023_2,LAN,10.96.11.1,BWW
IBR-BWW-00025_2,LAN,10.96.12.1,BWW
IBR-BWW-00026_2,LAN,10.96.13.1,BWW
IBR-BWW-00027_2,LAN,10.96.14.1,BWW
IBR-BWW-00028_2,LAN,10.96.15.1,BWW
IBR-BWW-00032_2,LAN,10.96.17.1,BWW
IBR-BWW-00035_2,LAN,10.96.18.1,BWW
IBR-BWW-00039_2,LAN,10.96.19.1,BWW
IBR-BWW-00040_2,LAN,10.96.20.1,BWW
IBR-BWW-00045_2,LAN,10.96.22.1,BWW
IBR-BWW-00049_2,LAN,10.96.23.1,BWW
IBR-BWW-00050_2,LAN,10.96.24.1,BWW
IBR-BWW-00055_2,LAN,10.96.25.1,BWW
IBR-BWW-00056_2,LAN,10.96.26.1,BWW
IBR-BWW-00058_2,LAN,10.96.27.1,BWW
IBR-BWW-00059_2,LAN,10.96.28.1,BWW
IBR-BWW-00060_2,LAN,10.96.29.1,BWW
IBR-BWW-00061_2,LAN,10.96.30.1,BWW
IBR-BWW-00065_2,LAN,10.96.32.1,BWW
IBR-BWW-00066_2,LAN,10.96.33.1,BWW
IBR-BWW-00067_2,LAN,10.96.34.1,BWW
IBR-BWW-00069_2,LAN,10.96.35.1,BWW
IBR-BWW-00070_2,LAN,10.96.36.1,BWW
IBR-BWW-00071_2,LAN,10.96.37.1,BWW
IBR-BWW-00073_2,LAN,10.96.39.1,BWW
IBR-BWW-00074_2,LAN,10.96.40.1,BWW
IBR-BWW-00075_2,LAN,10.96.41.1,BWW
IBR-BWW-00076_2,LAN,10.96.42.1,BWW
IBR-BWW-00077_2,LAN,10.96.43.1,BWW
IBR-BWW-00079_2,LAN,10.96.44.1,BWW
IBR-BWW-00081_2,LAN,10.96.45.1,BWW
IBR-BWW-00082_2,LAN,10.96.46.1,BWW
IBR-BWW-00085_2,LAN,10.96.49.1,BWW
IBR-BWW-00087_2,LAN,10.96.51.1,BWW
IBR-BWW-00088_2,LAN,10.96.52.1,BWW
IBR-BWW-00089_2,LAN,10.96.53.1,BWW
IBR-BWW-00091_2,LAN,10.96.54.1,BWW
IBR-BWW-00092_2,LAN,10.96.55.1,BWW
IBR-BWW-00093_2,LAN,10.96.56.1,BWW
IBR-BWW-00094_2,LAN,10.96.57.1,BWW
IBR-BWW-00095_2,LAN,10.96.58.1,BWW
IBR-BWW-00096_2,LAN,10.96.59.1,BWW
IBR-BWW-00097_2,LAN,10.96.60.1,BWW
IBR-BWW-00098_2,LAN,10.96.61.1,BWW
IBR-BWW-00099_2,LAN,10.96.62.1,BWW
IBR-BWW-00100_2,LAN,10.96.63.1,BWW
IBR-BWW-00101_2,LAN,10.96.64.1,BWW
IBR-BWW-00102_2,LAN,10.96.65.1,BWW
IBR-BWW-00103_2,LAN,10.96.66.1,BWW
IBR-BWW-00106_2,LAN,10.96.69.1,BWW
IBR-BWW-00110_2,LAN,10.96.73.1,BWW
IBR-BWW-00111_2,LAN,10.96.74.1,BWW
IBR-BWW-00113_2,LAN,10.96.75.1,BWW
IBR-BWW-00114_2,LAN,10.96.76.1,BWW
IBR-BWW-00115_2,LAN,10.96.77.1,BWW
IBR-BWW-00117_2,LAN,10.96.79.1,BWW
IBR-BWW-00118_2,LAN,10.96.80.1,BWW
IBR-BWW-00119_2,LAN,10.96.81.1,BWW
IBR-BWW-00120_2,LAN,10.96.82.1,BWW
IBR-BWW-00122_2,LAN,10.96.84.1,BWW
IBR-BWW-00123_2,LAN,10.96.85.1,BWW
IBR-BWW-00124_2,LAN,10.96.86.1,BWW
IBR-BWW-00125_2,LAN,10.96.87.1,BWW
IBR-BWW-00126_2,LAN,10.96.88.1,BWW
IBR-BWW-00127_2,LAN,10.96.89.1,BWW
IBR-BWW-00128_2,LAN,10.96.90.1,BWW
IBR-BWW-00129_2,LAN,10.96.91.1,BWW
IBR-BWW-00130_2,LAN,10.96.92.1,BWW
IBR-BWW-00132_2,LAN,10.96.94.1,BWW
IBR-BWW-00133_2,LAN,10.96.95.1,BWW
IBR-BWW-00135_2,LAN,10.96.97.1,BWW
IBR-BWW-00136_2,LAN,10.96.98.1,BWW
IBR-BWW-00137_2,LAN,10.96.99.1,BWW
IBR-BWW-00138_2,LAN,10.96.100.1,BWW
IBR-BWW-00140_2,LAN,10.96.101.1,BWW
IBR-BWW-00141_2,LAN,10.96.102.1,BWW
IBR-BWW-00142_2,LAN,10.96.103.1,BWW
IBR-BWW-00144_2,LAN,10.96.105.1,BWW
IBR-BWW-00145_2,LAN,10.96.106.1,BWW
IBR-BWW-00146_2,LAN,10.96.107.1,BWW
IBR-BWW-00147_2,LAN,10.96.108.1,BWW
IBR-BWW-00148_2,LAN,10.96.109.1,BWW
IBR-BWW-00149_2,LAN,10.96.110.1,BWW
IBR-BWW-00150_2,LAN,10.96.111.1,BWW
IBR-BWW-00151_2,LAN,10.96.112.1,BWW
IBR-BWW-00152_2,LAN,10.96.113.1,BWW
IBR-BWW-00154_2,LAN,10.96.115.1,BWW
IBR-BWW-00155_2,LAN,10.96.116.1,BWW
IBR-BWW-00156_2,LAN,10.96.117.1,BWW
IBR-BWW-00157_2,LAN,10.96.118.1,BWW
IBR-BWW-00159_2,LAN,10.96.120.1,BWW
IBR-BWW-00160_2,LAN,10.96.121.1,BWW
IBR-BWW-00161_2,LAN,10.96.122.1,BWW
IBR-BWW-00162_2,LAN,10.96.123.1,BWW
IBR-BWW-00163_2,LAN,10.96.124.1,BWW
IBR-BWW-00164_2,LAN,10.96.125.1,BWW
IBR-BWW-00165_2,LAN,10.96.126.1,BWW
IBR-BWW-00166_2,LAN,10.96.127.1,BWW
IBR-BWW-00167_2,LAN,10.96.128.1,BWW
IBR-BWW-00168_2,LAN,10.96.129.1,BWW
IBR-BWW-00170_2,LAN,10.96.131.1,BWW
IBR-BWW-00171_2,LAN,10.96.132.1,BWW
IBR-BWW-00172_2,LAN,10.96.133.1,BWW
IBR-BWW-00173_2,LAN,10.96.134.1,BWW
IBR-BWW-00174_2,LAN,10.96.135.1,BWW
IBR-BWW-00175_2,LAN,10.96.136.1,BWW
IBR-BWW-00176_2,LAN,10.96.137.1,BWW
IBR-BWW-00177_2,LAN,10.96.138.1,BWW
IBR-BWW-00178_2,LAN,10.96.139.1,BWW
IBR-BWW-00179_2,LAN,10.96.140.1,BWW
IBR-BWW-00180_2,LAN,10.96.141.1,BWW
IBR-BWW-00181_2,LAN,10.96.142.1,BWW
IBR-BWW-00182_2,LAN,10.96.143.1,BWW
IBR-BWW-00183_2,LAN,10.96.144.1,BWW
IBR-BWW-00185_2,LAN,10.96.146.1,BWW
IBR-BWW-00186_2,LAN,10.96.147.1,BWW
IBR-BWW-00187_2,LAN,10.96.148.1,BWW
IBR-BWW-00188_2,LAN,10.96.149.1,BWW
IBR-BWW-00189_2,LAN,10.96.150.1,BWW
IBR-BWW-00190_2,LAN,10.96.151.1,BWW
IBR-BWW-00192_2,LAN,10.96.152.1,BWW
IBR-BWW-00193_2,LAN,10.96.153.1,BWW
IBR-BWW-00194_2,LAN,10.96.154.1,BWW
IBR-BWW-00195_2,LAN,10.96.155.1,BWW
IBR-BWW-00196_2,LAN,10.96.156.1,BWW
IBR-BWW-00197_2,LAN,10.96.157.1,BWW
IBR-BWW-00198_2,LAN,10.96.158.1,BWW
IBR-BWW-00199_2,LAN,10.96.159.1,BWW
IBR-BWW-00200_2,LAN,10.96.160.1,BWW
IBR-BWW-00201_2,LAN,10.96.161.1,BWW
IBR-BWW-00202_2,LAN,10.96.162.1,BWW
IBR-BWW-00204_2,LAN,10.96.164.1,BWW
IBR-BWW-00205_2,LAN,10.96.165.1,BWW
IBR-BWW-00206_2,LAN,10.96.166.1,BWW
IBR-BWW-00207_2,LAN,10.96.167.1,BWW
IBR-BWW-00208_2,LAN,10.96.168.1,BWW
IBR-BWW-00209_2,LAN,10.96.169.1,BWW
IBR-BWW-00210_2,LAN,10.96.170.1,BWW
IBR-BWW-00211_2,LAN,10.96.171.1,BWW
IBR-BWW-00212_2,LAN,10.96.172.1,BWW
IBR-BWW-00213_2,LAN,10.96.173.1,BWW
IBR-BWW-00214_2,LAN,10.96.174.1,BWW
IBR-BWW-00215_2,LAN,10.96.175.1,BWW
IBR-BWW-00216_2,LAN,10.96.176.1,BWW
IBR-BWW-00217_2,LAN,10.96.177.1,BWW
IBR-BWW-00218_2,LAN,10.96.178.1,BWW
IBR-BWW-00219_2,LAN,10.96.179.1,BWW
IBR-BWW-00220_2,LAN,10.96.180.1,BWW
IBR-BWW-00221_2,LAN,10.96.181.1,BWW
IBR-BWW-00222_2,LAN,10.96.182.1,BWW
IBR-BWW-00223_2,LAN,10.96.183.1,BWW
IBR-BWW-00224_2,LAN,10.96.184.1,BWW
IBR-BWW-00225_2,LAN,10.96.185.1,BWW
IBR-BWW-00227_2,LAN,10.96.187.1,BWW
IBR-BWW-00228_2,LAN,10.96.188.1,BWW
IBR-BWW-00229_2,LAN,10.96.189.1,BWW
IBR-BWW-00230_2,LAN,10.96.190.1,BWW
IBR-BWW-00231_2,LAN,10.96.191.1,BWW
IBR-BWW-00232_2,LAN,10.96.192.1,BWW
IBR-BWW-00233_2,LAN,10.96.193.1,BWW
IBR-BWW-00234_2,LAN,10.96.194.1,BWW
IBR-BWW-00235_2,LAN,10.96.195.1,BWW
IBR-BWW-00236_2,LAN,10.96.196.1,BWW
IBR-BWW-00238_2,LAN,10.96.197.1,BWW
IBR-BWW-00239_2,LAN,10.96.198.1,BWW
IBR-BWW-00240_2,LAN,10.96.199.1,BWW
IBR-BWW-00241_2,LAN,10.96.200.1,BWW
IBR-BWW-00242_2,LAN,10.96.201.1,BWW
IBR-BWW-00243_2,LAN,10.96.202.1,BWW
IBR-BWW-00244_2,LAN,10.96.203.1,BWW
IBR-BWW-00245_2,LAN,10.96.204.1,BWW
IBR-BWW-00246_2,LAN,10.96.205.1,BWW
IBR-BWW-00247_2,LAN,10.96.206.1,BWW
IBR-BWW-00248_2,LAN,10.96.207.1,BWW
IBR-BWW-00249_2,LAN,10.96.208.1,BWW
IBR-BWW-00250_2,LAN,10.96.209.1,BWW
IBR-BWW-00251_2,LAN,10.96.210.1,BWW
IBR-BWW-00252_2,LAN,10.96.211.1,BWW
IBR-BWW-00253_2,LAN,10.96.212.1,BWW
IBR-BWW-00254_2,LAN,10.96.213.1,BWW
IBR-BWW-00255_2,LAN,10.96.214.1,BWW
IBR-BWW-00256_2,LAN,10.96.215.1,BWW
IBR-BWW-00257_2,LAN,10.96.216.1,BWW
IBR-BWW-00258_2,LAN,10.96.217.1,BWW
IBR-BWW-00259_2,LAN,10.96.218.1,BWW
IBR-BWW-00260_2,LAN,10.96.219.1,BWW
IBR-BWW-00263_2,LAN,10.96.220.1,BWW
IBR-BWW-00264_2,LAN,10.96.221.1,BWW
IBR-BWW-00265_2,LAN,10.96.222.1,BWW
IBR-BWW-00266_2,LAN,10.96.223.1,BWW
IBR-BWW-00268_2,LAN,10.96.225.1,BWW
IBR-BWW-00269_2,LAN,10.96.226.1,BWW
IBR-BWW-00270_2,LAN,10.96.227.1,BWW
IBR-BWW-00271_2,LAN,10.96.228.1,BWW
IBR-BWW-00272_2,LAN,10.96.229.1,BWW
IBR-BWW-00273_2,LAN,10.96.230.1,BWW
IBR-BWW-00274_2,LAN,10.96.231.1,BWW
IBR-BWW-00275_2,LAN,10.96.232.1,BWW
IBR-BWW-00276_2,LAN,10.96.233.1,BWW
IBR-BWW-00277_2,LAN,10.96.234.1,BWW
IBR-BWW-00278_2,LAN,10.96.235.1,BWW
IBR-BWW-00279_2,LAN,10.96.236.1,BWW
IBR-BWW-00280_2,LAN,10.96.237.1,BWW
IBR-BWW-00282_2,LAN,10.96.239.1,BWW
IBR-BWW-00283_2,LAN,10.96.240.1,BWW
IBR-BWW-00284_2,LAN,10.96.241.1,BWW
IBR-BWW-00285_2,LAN,10.96.242.1,BWW
IBR-BWW-00286_2,LAN,10.96.243.1,BWW
IBR-BWW-00288_2,LAN,10.96.245.1,BWW
IBR-BWW-00289_2,LAN,10.96.246.1,BWW
IBR-BWW-00291_2,LAN,10.96.248.1,BWW
IBR-BWW-00292_2,LAN,10.96.249.1,BWW
IBR-BWW-00293_2,LAN,10.96.250.1,BWW
IBR-BWW-00294_2,LAN,10.96.251.1,BWW
IBR-BWW-00295_2,LAN,10.96.252.1,BWW
IBR-BWW-00296_2,LAN,10.96.253.1,BWW
IBR-BWW-00297_2,LAN,10.96.254.1,BWW
IBR-BWW-00298_2,LAN,10.96.255.1,BWW
IBR-BWW-00299_2,LAN,10.97.0.1,BWW
IBR-BWW-00300_2,LAN,10.97.1.1,BWW
IBR-BWW-00301_2,LAN,10.97.2.1,BWW
IBR-BWW-00302_2,LAN,10.97.3.1,BWW
IBR-BWW-00303_2,LAN,10.97.4.1,BWW
IBR-BWW-00304_2,LAN,10.97.5.1,BWW
IBR-BWW-00305_2,LAN,10.97.6.1,BWW
IBR-BWW-00306_2,LAN,10.97.7.1,BWW
IBR-BWW-00308_2,LAN,10.97.9.1,BWW
IBR-BWW-00309_2,LAN,10.97.10.1,BWW
IBR-BWW-00310_2,LAN,10.97.11.1,BWW
IBR-BWW-00311_2,LAN,10.97.12.1,BWW
IBR-BWW-00312_2,LAN,10.97.13.1,BWW
IBR-BWW-00313_2,LAN,10.97.14.1,BWW
IBR-BWW-00314_2,LAN,10.97.15.1,BWW
IBR-BWW-00315_2,LAN,10.97.16.1,BWW
IBR-BWW-00317_2,LAN,10.97.18.1,BWW
IBR-BWW-00318_2,LAN,10.97.19.1,BWW
IBR-BWW-00319_2,LAN,10.97.20.1,BWW
IBR-BWW-00320_2,LAN,10.97.21.1,BWW
IBR-BWW-00321_2,LAN,10.97.22.1,BWW
IBR-BWW-00322_2,LAN,10.97.23.1,BWW
IBR-BWW-00323_2,LAN,10.97.24.1,BWW
IBR-BWW-00326_2,LAN,10.97.27.1,BWW
IBR-BWW-00327_2,LAN,10.97.28.1,BWW
IBR-BWW-00328_2,LAN,10.97.29.1,BWW
IBR-BWW-00329_2,LAN,10.97.30.1,BWW
IBR-BWW-00330_2,LAN,10.97.31.1,BWW
IBR-BWW-00331_2,LAN,10.97.32.1,BWW
IBR-BWW-00332_2,LAN,10.97.33.1,BWW
IBR-BWW-00333_2,LAN,10.97.34.1,BWW
IBR-BWW-00334_2,LAN,10.97.35.1,BWW
IBR-BWW-00335_2,LAN,10.97.36.1,BWW
IBR-BWW-00336_2,LAN,10.97.37.1,BWW
IBR-BWW-00338_2,LAN,10.97.38.1,BWW
IBR-BWW-00339_2,LAN,10.97.39.1,BWW
IBR-BWW-00340_2,LAN,10.97.40.1,BWW
IBR-BWW-00341_2,LAN,10.97.41.1,BWW
IBR-BWW-00342_2,LAN,10.97.42.1,BWW
IBR-BWW-00343_2,LAN,10.97.43.1,BWW
IBR-BWW-00344_2,LAN,10.97.44.1,BWW
IBR-BWW-00345_2,LAN,10.97.45.1,BWW
IBR-BWW-00346_2,LAN,10.97.46.1,BWW
IBR-BWW-00347_2,LAN,10.97.47.1,BWW
IBR-BWW-00348_2,LAN,10.97.48.1,BWW
IBR-BWW-00349_2,LAN,10.97.49.1,BWW
IBR-BWW-00350_2,LAN,10.97.50.1,BWW
IBR-BWW-00351_2,LAN,10.97.51.1,BWW
IBR-BWW-00352_2,LAN,10.97.52.1,BWW
IBR-BWW-00353_2,LAN,10.97.53.1,BWW
IBR-BWW-00354_2,LAN,10.97.54.1,BWW
IBR-BWW-00355_2,LAN,10.97.55.1,BWW
IBR-BWW-00357_2,LAN,10.97.57.1,BWW
IBR-BWW-00358_2,LAN,10.97.58.1,BWW
IBR-BWW-00359_2,LAN,10.97.59.1,BWW
IBR-BWW-00361_2,LAN,10.97.61.1,BWW
IBR-BWW-00362_2,LAN,10.97.62.1,BWW
IBR-BWW-00363_2,LAN,10.97.63.1,BWW
IBR-BWW-00365_2,LAN,10.97.65.1,BWW
IBR-BWW-00366_2,LAN,10.97.66.1,BWW
IBR-BWW-00367_2,LAN,10.97.67.1,BWW
IBR-BWW-00368_2,LAN,10.97.68.1,BWW
IBR-BWW-00369_2,LAN,10.97.69.1,BWW
IBR-BWW-00371_2,LAN,10.97.71.1,BWW
IBR-BWW-00372_2,LAN,10.97.72.1,BWW
IBR-BWW-00374_2,LAN,10.97.74.1,BWW
IBR-BWW-00375_2,LAN,10.97.75.1,BWW
IBR-BWW-00376_2,LAN,10.97.76.1,BWW
IBR-BWW-00377_2,LAN,10.97.77.1,BWW
IBR-BWW-00378_2,LAN,10.97.78.1,BWW
IBR-BWW-00381_2,LAN,10.97.81.1,BWW
IBR-BWW-00382_2,LAN,10.97.82.1,BWW
IBR-BWW-00383_2,LAN,10.97.83.1,BWW
IBR-BWW-00384_2,LAN,10.97.84.1,BWW
IBR-BWW-00385_2,LAN,10.97.85.1,BWW
IBR-BWW-00386_2,LAN,10.97.86.1,BWW
IBR-BWW-00388_2,LAN,10.97.88.1,BWW
IBR-BWW-00389_2,LAN,10.97.89.1,BWW
IBR-BWW-00390_2,LAN,10.97.90.1,BWW
IBR-BWW-00391_2,LAN,10.97.91.1,BWW
IBR-BWW-00392_2,LAN,10.97.92.1,BWW
IBR-BWW-00393_2,LAN,10.97.93.1,BWW
IBR-BWW-00394_2,LAN,10.97.94.1,BWW
IBR-BWW-00395_2,LAN,10.97.95.1,BWW
IBR-BWW-00396_2,LAN,10.97.96.1,BWW
IBR-BWW-00397_2,LAN,10.97.97.1,BWW
IBR-BWW-00398_2,LAN,10.97.98.1,BWW
IBR-BWW-00400_2,LAN,10.97.100.1,BWW
IBR-BWW-00401_2,LAN,10.97.101.1,BWW
IBR-BWW-00402_2,LAN,10.97.102.1,BWW
IBR-BWW-00403_2,LAN,10.97.103.1,BWW
IBR-BWW-00404_2,LAN,10.97.104.1,BWW
IBR-BWW-00405_2,LAN,10.97.105.1,BWW
IBR-BWW-00406_2,LAN,10.97.106.1,BWW
IBR-BWW-00409_2,LAN,10.97.109.1,BWW
IBR-BWW-00410_2,LAN,10.97.110.1,BWW
IBR-BWW-00411_2,LAN,10.97.111.1,BWW
IBR-BWW-00412_2,LAN,10.97.112.1,BWW
IBR-BWW-00413_2,LAN,10.97.113.1,BWW
IBR-BWW-00414_2,LAN,10.97.114.1,BWW
IBR-BWW-00415_2,LAN,10.97.115.1,BWW
IBR-BWW-00416_2,LAN,10.97.116.1,BWW
IBR-BWW-00418_2,LAN,10.97.118.1,BWW
IBR-BWW-00419_2,LAN,10.97.119.1,BWW
IBR-BWW-00420_2,LAN,10.97.120.1,BWW
IBR-BWW-00421_2,LAN,10.97.121.1,BWW
IBR-BWW-00423_2,LAN,10.97.123.1,BWW
IBR-BWW-00424_2,LAN,10.97.124.1,BWW
IBR-BWW-00425_2,LAN,10.97.125.1,BWW
IBR-BWW-00426_2,LAN,10.97.126.1,BWW
IBR-BWW-00427_2,LAN,10.97.127.1,BWW
IBR-BWW-00428_2,LAN,10.97.128.1,BWW
IBR-BWW-00429_2,LAN,10.97.129.1,BWW
IBR-BWW-00430_2,LAN,10.97.130.1,BWW
IBR-BWW-00431_2,LAN,10.97.131.1,BWW
IBR-BWW-00433_2,LAN,10.97.133.1,BWW
IBR-BWW-00434_2,LAN,10.97.134.1,BWW
IBR-BWW-00437_2,LAN,10.97.137.1,BWW
IBR-BWW-00438_2,LAN,10.97.138.1,BWW
IBR-BWW-00439_2,LAN,10.97.139.1,BWW
IBR-BWW-00443_2,LAN,10.97.143.1,BWW
IBR-BWW-00444_2,LAN,10.97.144.1,BWW
IBR-BWW-00446_2,LAN,10.97.146.1,BWW
IBR-BWW-00447_2,LAN,10.97.147.1,BWW
IBR-BWW-00448_2,LAN,10.97.148.1,BWW
IBR-BWW-00452_2,LAN,10.97.151.1,BWW
IBR-BWW-00453_2,LAN,10.97.152.1,BWW
IBR-BWW-00454_2,LAN,10.97.153.1,BWW
IBR-BWW-00455_2,LAN,10.97.154.1,BWW
IBR-BWW-00456_2,LAN,10.97.155.1,BWW
IBR-BWW-00457_2,LAN,10.97.156.1,BWW
IBR-BWW-00459_2,LAN,10.97.158.1,BWW
IBR-BWW-00460_2,LAN,10.97.159.1,BWW
IBR-BWW-00461_2,LAN,10.97.160.1,BWW
IBR-BWW-00462_2,LAN,10.97.161.1,BWW
IBR-BWW-00463_2,LAN,10.97.162.1,BWW
IBR-BWW-00465_2,LAN,10.97.164.1,BWW
IBR-BWW-00466_2,LAN,10.97.165.1,BWW
IBR-BWW-00468_2,LAN,10.97.167.1,BWW
IBR-BWW-00469_2,LAN,10.97.168.1,BWW
IBR-BWW-00470_2,LAN,10.97.169.1,BWW
IBR-BWW-00471_2,LAN,10.97.170.1,BWW
IBR-BWW-00472_2,LAN,10.97.171.1,BWW
IBR-BWW-00473_2,LAN,10.97.172.1,BWW
IBR-BWW-00474_2,LAN,10.97.173.1,BWW
IBR-BWW-00476_2,LAN,10.97.175.1,BWW
IBR-BWW-00478_2,LAN,10.97.177.1,BWW
IBR-BWW-00479_2,LAN,10.97.178.1,BWW
IBR-BWW-00481_2,LAN,10.97.180.1,BWW
IBR-BWW-00482_2,LAN,10.97.181.1,BWW
IBR-BWW-00483_2,LAN,10.97.182.1,BWW
IBR-BWW-00484_2,LAN,10.97.183.1,BWW
IBR-BWW-00485_2,LAN,10.97.184.1,BWW
IBR-BWW-00486_2,LAN,10.97.185.1,BWW
IBR-BWW-00488_2,LAN,10.97.187.1,BWW
IBR-BWW-00489_2,LAN,10.97.188.1,BWW
IBR-BWW-00490_2,LAN,10.97.189.1,BWW
IBR-BWW-00491_2,LAN,10.97.190.1,BWW
IBR-BWW-00492_2,LAN,10.97.191.1,BWW
IBR-BWW-00495_2,LAN,10.97.194.1,BWW
IBR-BWW-00496_2,LAN,10.97.195.1,BWW
IBR-BWW-00498_2,LAN,10.97.197.1,BWW
IBR-BWW-00500_2,LAN,10.97.199.1,BWW
IBR-BWW-00503_2,LAN,10.97.202.1,BWW
IBR-BWW-00505_2,LAN,10.97.204.1,BWW
IBR-BWW-00506_2,LAN,10.97.205.1,BWW
IBR-BWW-00508_2,LAN,10.97.207.1,BWW
IBR-BWW-00509_2,LAN,10.97.208.1,BWW
IBR-BWW-00510_2,LAN,10.97.209.1,BWW
IBR-BWW-00511_2,LAN,10.97.210.1,BWW
IBR-BWW-00512_2,LAN,10.97.211.1,BWW
IBR-BWW-00513_2,LAN,10.97.212.1,BWW
IBR-BWW-00515_2,LAN,10.97.214.1,BWW
IBR-BWW-00516_2,LAN,10.97.215.1,BWW
IBR-BWW-00517_2,LAN,10.97.216.1,BWW
IBR-BWW-00518_2,LAN,10.97.217.1,BWW
IBR-BWW-00519_2,LAN,10.97.218.1,BWW
IBR-BWW-00520_2,LAN,10.97.219.1,BWW
IBR-BWW-00521_2,LAN,10.97.220.1,BWW
IBR-BWW-00522_2,LAN,10.97.221.1,BWW
IBR-BWW-00524_2,LAN,10.97.223.1,BWW
IBR-BWW-00525_2,LAN,10.97.224.1,BWW
IBR-BWW-00526_2,LAN,10.97.225.1,BWW
IBR-BWW-00527_2,LAN,10.97.226.1,BWW
IBR-BWW-00528_2,LAN,10.97.227.1,BWW
IBR-BWW-00529_2,LAN,10.97.228.1,BWW
IBR-BWW-00530_2,LAN,10.97.229.1,BWW
IBR-BWW-00531_2,LAN,10.97.230.1,BWW
IBR-BWW-00532_2,LAN,10.97.231.1,BWW
IBR-BWW-00533_2,LAN,10.97.232.1,BWW
IBR-BWW-00535_2,LAN,10.97.234.1,BWW
IBR-BWW-00538_2,LAN,10.97.237.1,BWW
IBR-BWW-00539_2,LAN,10.97.238.1,BWW
IBR-BWW-00540_2,LAN,10.97.239.1,BWW
IBR-BWW-00541_2,LAN,10.97.240.1,BWW
IBR-BWW-00542_2,LAN,10.97.241.1,BWW
IBR-BWW-00545_2,LAN,10.97.244.1,BWW
IBR-BWW-00546_2,LAN,10.97.245.1,BWW
IBR-BWW-00548_2,LAN,10.97.247.1,BWW
IBR-BWW-00549_2,LAN,10.97.248.1,BWW
IBR-BWW-00550_2,LAN,10.97.249.1,BWW
IBR-BWW-00551_2,LAN,10.97.250.1,BWW
IBR-BWW-00552_2,LAN,10.97.251.1,BWW
IBR-BWW-00553_2,LAN,10.97.252.1,BWW
IBR-BWW-00554_2,LAN,10.97.253.1,BWW
IBR-BWW-00555_2,LAN,10.97.254.1,BWW
IBR-BWW-00556_2,LAN,10.97.255.1,BWW
IBR-BWW-00557_2,LAN,10.98.1.1,BWW
IBR-BWW-00558_2,LAN,10.98.2.1,BWW
IBR-BWW-00559_2,LAN,10.98.3.1,BWW
IBR-BWW-00560_2,LAN,10.98.4.1,BWW
IBR-BWW-00561_2,LAN,10.98.5.1,BWW
IBR-BWW-00562_2,LAN,10.98.6.1,BWW
IBR-BWW-00563_2,LAN,10.98.7.1,BWW
IBR-BWW-00564_2,LAN,10.98.8.1,BWW
IBR-BWW-00566_2,LAN,10.98.10.1,BWW
IBR-BWW-00567_2,LAN,10.98.11.1,BWW
IBR-BWW-00568_2,LAN,10.98.12.1,BWW
IBR-BWW-00569_2,LAN,10.98.13.1,BWW
IBR-BWW-00570_2,LAN,10.98.14.1,BWW
IBR-BWW-00571_2,LAN,10.98.15.1,BWW
IBR-BWW-00572_2,LAN,10.98.16.1,BWW
IBR-BWW-00573_2,LAN,10.98.17.1,BWW
IBR-BWW-00574_2,LAN,10.98.18.1,BWW
IBR-BWW-00575_2,LAN,10.98.19.1,BWW
IBR-BWW-00576_2,LAN,10.98.20.1,BWW
IBR-BWW-00577_2,LAN,10.98.21.1,BWW
IBR-BWW-00578_2,LAN,10.98.22.1,BWW
IBR-BWW-00579_2,LAN,10.98.23.1,BWW
IBR-BWW-00580_2,LAN,10.98.24.1,BWW
IBR-BWW-00582_2,LAN,10.98.26.1,BWW
IBR-BWW-00583_2,LAN,10.98.27.1,BWW
IBR-BWW-00584_2,LAN,10.98.28.1,BWW
IBR-BWW-00585_2,LAN,10.98.29.1,BWW
IBR-BWW-00586_2,LAN,10.98.30.1,BWW
IBR-BWW-00587_2,LAN,10.98.31.1,BWW
IBR-BWW-00588_2,LAN,10.98.32.1,BWW
IBR-BWW-00590_2,LAN,10.98.34.1,BWW
IBR-BWW-00591_2,LAN,10.98.35.1,BWW
IBR-BWW-00592_2,LAN,10.98.36.1,BWW
IBR-BWW-00593_2,LAN,10.98.37.1,BWW
IBR-BWW-00594_2,LAN,10.98.38.1,BWW
IBR-BWW-00595_2,LAN,10.98.39.1,BWW
IBR-BWW-00596_2,LAN,10.98.40.1,BWW
IBR-BWW-00597_2,LAN,10.98.41.1,BWW
IBR-BWW-00598_2,LAN,10.98.42.1,BWW
IBR-BWW-00599_2,LAN,10.98.43.1,BWW
IBR-BWW-00600_2,LAN,10.98.44.1,BWW
IBR-BWW-00601_2,LAN,10.98.45.1,BWW
IBR-BWW-00602_2,LAN,10.98.46.1,BWW
IBR-BWW-00603_2,LAN,10.98.47.1,BWW
IBR-BWW-00604_2,LAN,10.98.48.1,BWW
IBR-BWW-00605_2,LAN,10.98.49.1,BWW
IBR-BWW-00607_2,LAN,10.98.51.1,BWW
IBR-BWW-00608_2,LAN,10.98.52.1,BWW
IBR-BWW-00609_2,LAN,10.98.53.1,BWW
IBR-BWW-00610_2,LAN,10.98.54.1,BWW
IBR-BWW-00611_2,LAN,10.98.55.1,BWW
IBR-BWW-00612_2,LAN,10.98.56.1,BWW
IBR-BWW-00613_2,LAN,10.98.57.1,BWW
IBR-BWW-00614_2,LAN,10.98.58.1,BWW
IBR-BWW-00615_2,LAN,10.98.59.1,BWW
IBR-BWW-00616_2,LAN,10.98.60.1,BWW
IBR-BWW-00617_2,LAN,10.98.61.1,BWW
IBR-BWW-00619_2,LAN,10.98.63.1,BWW
IBR-BWW-00621_2,LAN,10.98.65.1,BWW
IBR-BWW-00622_2,LAN,10.98.66.1,BWW
IBR-BWW-00624_2,LAN,10.98.68.1,BWW
IBR-BWW-00625_2,LAN,10.98.69.1,BWW
IBR-BWW-00626_2,LAN,10.98.70.1,BWW
IBR-BWW-00627_2,LAN,10.98.71.1,BWW
IBR-BWW-00628_2,LAN,10.98.72.1,BWW
IBR-BWW-00629_2,LAN,10.98.73.1,BWW
IBR-BWW-00630_2,LAN,10.98.74.1,BWW
IBR-BWW-00631_2,LAN,10.98.75.1,BWW
IBR-BWW-00632_2,LAN,10.98.76.1,BWW
IBR-BWW-00633_2,LAN,10.98.77.1,BWW
IBR-BWW-00634_2,LAN,10.98.78.1,BWW
IBR-BWW-00635_2,LAN,10.98.79.1,BWW
IBR-BWW-00636_2,LAN,10.98.80.1,BWW
IBR-BWW-00637_2,LAN,10.98.81.1,BWW
IBR-BWW-00638_2,LAN,10.98.82.1,BWW
IBR-BWW-00639_2,LAN,10.98.83.1,BWW
IBR-BWW-00640_2,LAN,10.98.84.1,BWW
IBR-BWW-00641_2,LAN,10.98.85.1,BWW
IBR-BWW-00642_2,LAN,10.98.86.1,BWW
IBR-BWW-00644_2,LAN,10.98.88.1,BWW
IBR-BWW-00645_2,LAN,10.98.89.1,BWW
IBR-BWW-00647_2,LAN,10.98.91.1,BWW
IBR-BWW-00648_2,LAN,10.98.92.1,BWW
IBR-BWW-00649_2,LAN,10.98.93.1,BWW
IBR-BWW-00650_2,LAN,10.98.94.1,BWW
IBR-BWW-00651_2,LAN,10.98.95.1,BWW
IBR-BWW-00652_2,LAN,10.98.96.1,BWW
IBR-BWW-00653_2,LAN,10.98.97.1,BWW
IBR-BWW-00654_2,LAN,10.98.98.1,BWW
IBR-BWW-00655_2,LAN,10.98.99.1,BWW
IBR-BWW-00656_2,LAN,10.98.100.1,BWW
IBR-BWW-00657_2,LAN,10.98.101.1,BWW
IBR-BWW-00658_2,LAN,10.98.102.1,BWW
IBR-BWW-00660_2,LAN,10.98.104.1,BWW
IBR-BWW-00662_2,LAN,10.98.106.1,BWW
IBR-BWW-00664_2,LAN,10.98.108.1,BWW
IBR-BWW-00665_2,LAN,10.98.109.1,BWW
IBR-BWW-00666_2,LAN,10.98.110.1,BWW
IBR-BWW-00667_2,LAN,10.98.111.1,BWW
IBR-BWW-00668_2,LAN,10.98.112.1,BWW
IBR-BWW-00669_2,LAN,10.98.113.1,BWW
IBR-BWW-00670_2,LAN,10.98.114.1,BWW
IBR-BWW-00671_2,LAN,10.98.115.1,BWW
IBR-BWW-00672_2,LAN,10.98.116.1,BWW
IBR-BWW-00674_2,LAN,10.98.118.1,BWW
IBR-BWW-00676_2,LAN,10.98.120.1,BWW
IBR-BWW-00677_2,LAN,10.98.121.1,BWW
IBR-BWW-00678_2,LAN,10.98.122.1,BWW
IBR-BWW-00679_2,LAN,10.98.123.1,BWW
IBR-BWW-00680_2,LAN,10.98.124.1,BWW
IBR-BWW-00681_2,LAN,10.98.125.1,BWW
IBR-BWW-00682_2,LAN,10.98.126.1,BWW
IBR-BWW-00683_2,LAN,10.98.127.1,BWW
IBR-BWW-00684_2,LAN,10.98.128.1,BWW
IBR-BWW-00685_2,LAN,10.98.129.1,BWW
IBR-BWW-00686_2,LAN,10.98.130.1,BWW
IBR-BWW-00687_2,LAN,10.98.131.1,BWW
IBR-BWW-00688_2,LAN,10.98.132.1,BWW
IBR-BWW-00689_2,LAN,10.98.133.1,BWW
IBR-BWW-00690_2,LAN,10.98.134.1,BWW
IBR-BWW-00691_2,LAN,10.98.135.1,BWW
IBR-BWW-00692_2,LAN,10.98.136.1,BWW
IBR-BWW-00693_2,LAN,10.98.137.1,BWW
IBR-BWW-00694_2,LAN,10.98.138.1,BWW
IBR-BWW-00698_2,LAN,10.98.142.1,BWW
IBR-BWW-00699_2,LAN,10.98.143.1,BWW
IBR-BWW-00700_2,LAN,10.98.144.1,BWW
IBR-BWW-00701_2,LAN,10.98.145.1,BWW
IBR-BWW-00702_2,LAN,10.98.146.1,BWW
IBR-BWW-00703_2,LAN,10.98.147.1,BWW
IBR-BWW-00704_2,LAN,10.98.148.1,BWW
IBR-BWW-00706_2,LAN,10.98.150.1,BWW
IBR-BWW-00707_2,LAN,10.98.151.1,BWW
IBR-BWW-00710_2,LAN,10.98.154.1,BWW
IBR-BWW-00711_2,LAN,10.98.155.1,BWW
IBR-BWW-00712_2,LAN,10.98.156.1,BWW
IBR-BWW-00713_2,LAN,10.98.157.1,BWW
IBR-BWW-00715_2,LAN,10.98.159.1,BWW
IBR-BWW-00716_2,LAN,10.98.160.1,BWW
IBR-BWW-00717_2,LAN,10.98.161.1,BWW
IBR-BWW-00718_2,LAN,10.98.162.1,BWW
IBR-BWW-00719_2,LAN,10.98.163.1,BWW
IBR-BWW-00721_2,LAN,10.98.165.1,BWW
IBR-BWW-00722_2,LAN,10.98.166.1,BWW
IBR-BWW-00723_2,LAN,10.98.167.1,BWW
IBR-BWW-00724_2,LAN,10.98.168.1,BWW
IBR-BWW-00725_2,LAN,10.98.169.1,BWW
IBR-BWW-00726_2,LAN,10.98.170.1,BWW
IBR-BWW-00727_2,LAN,10.98.171.1,BWW
IBR-BWW-00728_2,LAN,10.98.172.1,BWW
IBR-BWW-00729_2,LAN,10.98.173.1,BWW
IBR-BWW-00730_2,LAN,10.98.174.1,BWW
IBR-BWW-00731_2,LAN,10.98.175.1,BWW
IBR-BWW-00732_2,LAN,10.98.176.1,BWW
IBR-BWW-00733_2,LAN,10.98.177.1,BWW
IBR-BWW-00735_2,LAN,10.98.179.1,BWW
IBR-BWW-00736_2,LAN,10.98.180.1,BWW
IBR-BWW-00737_2,LAN,10.98.181.1,BWW
IBR-BWW-00738_2,LAN,10.98.182.1,BWW
IBR-BWW-00739_2,LAN,10.98.183.1,BWW
IBR-BWW-00741_2,LAN,10.98.185.1,BWW
IBR-BWW-00742_2,LAN,10.98.186.1,BWW
IBR-BWW-00743_2,LAN,10.98.187.1,BWW
IBR-BWW-00744_2,LAN,10.98.188.1,BWW
IBR-BWW-00745_2,LAN,10.98.189.1,BWW
IBR-BWW-00746_2,LAN,10.98.190.1,BWW
IBR-BWW-00747_2,LAN,10.98.191.1,BWW
IBR-BWW-00748_2,LAN,10.98.192.1,BWW
IBR-BWW-00749_2,LAN,10.98.193.1,BWW
IBR-BWW-00750_2,LAN,10.98.194.1,BWW
IBR-BWW-00756_2,LAN,10.98.200.1,BWW
IBR-BWW-00761_2,LAN,10.98.205.1,BWW
IBR-BWW-00762_2,LAN,10.98.206.1,BWW
IBR-BWW-00763_2,LAN,10.98.207.1,BWW
IBR-BWW-00764_2,LAN,10.98.208.1,BWW
IBR-BWW-00765_2,LAN,10.98.209.1,BWW
IBR-BWW-00767_2,LAN,10.98.211.1,BWW
IBR-BWW-00768_2,LAN,10.98.212.1,BWW
IBR-BWW-00769_2,LAN,10.98.213.1,BWW
IBR-BWW-00770_2,LAN,10.98.214.1,BWW
IBR-BWW-00771_2,LAN,10.98.215.1,BWW
IBR-BWW-00772_2,LAN,10.98.216.1,BWW
IBR-BWW-00773_2,LAN,10.98.217.1,BWW
IBR-BWW-00774_2,LAN,10.98.218.1,BWW
IBR-BWW-00775_2,LAN,10.98.219.1,BWW
IBR-BWW-00776_2,LAN,10.98.220.1,BWW
IBR-BWW-00777_2,LAN,10.98.221.1,BWW
IBR-BWW-00778_2,LAN,10.98.222.1,BWW
IBR-BWW-00779_2,LAN,10.98.223.1,BWW
IBR-BWW-00780_2,LAN,10.98.224.1,BWW
IBR-BWW-00781_2,LAN,10.98.225.1,BWW
IBR-BWW-00782_2,LAN,10.98.226.1,BWW
IBR-BWW-00783_2,LAN,10.98.227.1,BWW
IBR-BWW-00785_2,LAN,10.98.229.1,BWW
IBR-BWW-00786_2,LAN,10.98.230.1,BWW
IBR-BWW-00787_2,LAN,10.98.231.1,BWW
IBR-BWW-00788_2,LAN,10.98.232.1,BWW
IBR-BWW-00790_2,LAN,10.98.234.1,BWW
IBR-BWW-00791_2,LAN,10.98.235.1,BWW
IBR-BWW-00792_2,LAN,10.98.236.1,BWW
IBR-BWW-00794_2,LAN,10.98.238.1,BWW
IBR-BWW-00795_2,LAN,10.98.239.1,BWW
IBR-BWW-00796_2,LAN,10.98.240.1,BWW
IBR-BWW-00799_2,LAN,10.98.243.1,BWW
IBR-BWW-00801_2,LAN,10.98.245.1,BWW
IBR-BWW-00803_2,LAN,10.98.247.1,BWW
IBR-BWW-00804_2,LAN,10.98.248.1,BWW
IBR-BWW-00806_2,LAN,10.98.250.1,BWW
IBR-BWW-00808_2,LAN,10.98.252.1,BWW
IBR-BWW-00810_2,LAN,10.98.254.1,BWW
IBR-BWW-00811_2,LAN,10.98.255.1,BWW
IBR-BWW-00812_2,LAN,10.99.1.1,BWW
IBR-BWW-00813_2,LAN,10.99.2.1,BWW
IBR-BWW-00814_2,LAN,10.99.3.1,BWW
IBR-BWW-00815_2,LAN,10.99.4.1,BWW
IBR-BWW-00816_2,LAN,10.99.5.1,BWW
IBR-BWW-00817_2,LAN,10.99.6.1,BWW
IBR-BWW-00818_2,LAN,10.99.7.1,BWW
IBR-BWW-00819_2,LAN,10.99.8.1,BWW
IBR-BWW-00823_2,LAN,10.99.12.1,BWW
IBR-BWW-00826_2,LAN,10.99.15.1,BWW
IBR-BWW-00828_2,LAN,10.99.17.1,BWW
IBR-BWW-00829_2,LAN,10.99.18.1,BWW
IBR-BWW-00830_2,LAN,10.99.19.1,BWW
IBR-BWW-00831_2,LAN,10.99.20.1,BWW
IBR-BWW-00832_2,LAN,10.99.21.1,BWW
IBR-BWW-00834_2,LAN,10.99.23.1,BWW
IBR-BWW-00835_2,LAN,10.99.24.1,BWW
IBR-BWW-00836_2,LAN,10.99.25.1,BWW
IBR-BWW-00837_2,LAN,10.99.26.1,BWW
IBR-BWW-00838_2,LAN,10.99.27.1,BWW
IBR-BWW-00839_2,LAN,10.99.28.1,BWW
IBR-BWW-00840_2,LAN,10.99.29.1,BWW
IBR-BWW-00841_2,LAN,10.99.30.1,BWW
IBR-BWW-00842_2,LAN,10.99.31.1,BWW
IBR-BWW-00843_2,LAN,10.99.32.1,BWW
IBR-BWW-00844_2,LAN,10.99.33.1,BWW
IBR-BWW-00845_2,LAN,10.99.34.1,BWW
IBR-BWW-00850_2,LAN,10.99.39.1,BWW
IBR-BWW-00851_2,LAN,10.99.40.1,BWW
IBR-BWW-00852_2,LAN,10.99.41.1,BWW
IBR-BWW-00853_2,LAN,10.99.42.1,BWW
IBR-BWW-00858_2,LAN,10.99.47.1,BWW
IBR-BWW-00859_2,LAN,10.99.48.1,BWW
IBR-BWW-00860_2,LAN,10.99.49.1,BWW
IBR-BWW-00861_2,LAN,10.99.50.1,BWW
IBR-BWW-00863_2,LAN,10.99.52.1,BWW
IBR-BWW-00865_2,LAN,10.99.54.1,BWW
IBR-BWW-00868_2,LAN,10.99.57.1,BWW
IBR-BWW-00869_2,LAN,10.99.58.1,BWW
IBR-BWW-00870_2,LAN,10.99.59.1,BWW
IBR-BWW-00872_2,LAN,10.99.61.1,BWW
IBR-BWW-00873_2,LAN,10.99.62.1,BWW
IBR-BWW-00875_2,LAN,10.99.64.1,BWW
IBR-BWW-00876_2,LAN,10.99.65.1,BWW
IBR-BWW-00879_2,LAN,10.99.68.1,BWW
IBR-BWW-00886_2,LAN,10.99.75.1,BWW
IBR-BWW-00887_2,LAN,10.99.76.1,BWW
IBR-BWW-00891_2,LAN,10.99.80.1,BWW
IBR-BWW-00893_2,LAN,10.99.82.1,BWW
IBR-BWW-00896_2,LAN,10.99.85.1,BWW
IBR-BWW-00897_2,LAN,10.99.86.1,BWW
IBR-BWW-08997_2,LAN,10.103.248.1,BWW
IBR-BWW-09001_2,LAN,10.103.227.1,BWW
IBR-BWW-09002_2,LAN,10.103.228.1,BWW
IBR-BWW-09008_2,LAN,10.103.245.1,BWW
IBR-BWW-09009_2,LAN,10.103.251.1,BWW
IBR-BWW-09014_2,LAN,10.97.80.1,BWW
IBR-BWW-09017_2,LAN,10.103.250.1,BWW
IBR-BWW-09500_2,LAN,10.103.219.1,BWW
IBR-BWW-09600_2,LAN,10.103.220.1,BWW
IBR-BWW-09912_2,LAN,10.103.246.1,BWW
IBR-BWW-09920_2,LAN,10.103.244.1,BWW
IBR-BWW-09960_2,LAN,10.103.170.1,BWW
IBR-BWW-09970_2,LAN,10.103.249.1,BWW
IBR-BWW-09971_2,LAN,10.103.235.1,BWW
IBR-BWW-09973_2,LAN,10.103.240.1,BWW
IBR-BWW-09974_2,LAN,10.103.238.1,BWW
IBR-BWW-09986_2,LAN,10.103.234.1,BWW
IBR-BWW-09987_2,LAN,10.103.254.1,BWW
IBR-BWW-09997_2,LAN,10.103.230.1,BWW
IBR-BWW-09999_2,LAN,10.103.236.1,BWW
